index,label
0,"['O', 'O', 'O', 'O', 'O', 'O', 'O', 'O', 'O', 'I-TEMUAN', 'I-TEMUAN', 'I-TEMUAN', 'O', 'O', 'O', 'O', 'O', 'O', 'I-TUJUAN', 'I-TUJUAN', 'I-TEMUAN', 'I-TUJUAN', 'I-TEMUAN', 'I-TEMUAN', 'O', 'O', 'I-TUJUAN', 'O', 'I-TEMUAN', 'I-TEMUAN', 'I-TEMUAN', 'I-TEMUAN', 'O', 'O', 'I-TEMUAN', 'I-TEMUAN', 'I-TEMUAN', 'I-TEMUAN', 'I-TEMUAN', 'O', 'O', 'O', 'O', 'O', 'O', 'O', 'O', 'O', 'O', 'O', 'O', 'O', 'O', 'O', 'O', 'O', 'O', 'O', 'I-TEMUAN', 'I-TEMUAN', 'I-TEMUAN', 'I-TEMUAN', 'I-TEMUAN', 'I-TEMUAN', 'I-TEMUAN', 'O', 'O', 'O', 'O', 'O', 'O', 'O', 'O', 'O', 'I-TEMUAN', 'O', 'I-TEMUAN', 'I-TEMUAN', 'O', 'I-TEMUAN', 'I-TEMUAN', 'I-TEMUAN', 'I-TEMUAN', 'I-TEMUAN', 'I-TEMUAN', 'I-TEMUAN', 'I-TEMUAN', 'I-TEMUAN', 'I-TEMUAN', 'O', 'I-TEMUAN', 'I-TEMUAN', 'I-TEMUAN', 'O', 'I-TEMUAN', 'I-TEMUAN', 'I-TEMUAN', 'I-TEMUAN', 'I-TEMUAN', 'I-TEMUAN', 'O', 'I-TEMUAN', 'I-TEMUAN', 'I-TEMUAN', 'I-TEMUAN', 'I-TEMUAN', 'I-TEMUAN', 'I-TEMUAN', 'I-TEMUAN', 'I-TEMUAN']"
1,"['O', 'O', 'O', 'O', 'O', 'O', 'O', 'O', 'O', 'O', 'O', 'I-METODE', 'I-METODE', 'I-METODE', 'I-METODE', 'I-METODE', 'I-METODE', 'I-METODE', 'I-METODE', 'O', 'O', 'I-TEMUAN', 'I-TEMUAN', 'I-TEMUAN', 'I-TEMUAN', 'I-TEMUAN', 'I-TEMUAN', 'I-TEMUAN', 'I-TEMUAN', 'I-TEMUAN', 'I-TEMUAN', 'I-TEMUAN', 'I-TEMUAN', 'I-TEMUAN', 'I-TEMUAN', 'I-TEMUAN', 'O', 'O', 'O', 'O', 'O', 'O', 'O', 'O', 'O', 'O', 'O', 'O', 'O', 'O', 'O', 'O', 'O', 'O', 'O', 'O', 'I-TEMUAN', 'I-TEMUAN', 'I-TEMUAN', 'I-TEMUAN', 'I-TEMUAN', 'I-TEMUAN', 'I-TEMUAN', 'I-TEMUAN', 'I-TEMUAN', 'O', 'O', 'O', 'O', 'O', 'I-METODE', 'O', 'O', 'O', 'O', 'O', 'O', 'I-TEMUAN', 'I-TEMUAN', 'O', 'O', 'O', 'O', 'I-TEMUAN', 'I-TEMUAN', 'I-TEMUAN', 'I-TEMUAN', 'I-TEMUAN', 'I-TEMUAN', 'I-TEMUAN', 'I-TEMUAN', 'I-TEMUAN', 'O', 'O', 'O', 'O', 'O', 'O', 'O', 'O', 'O', 'O', 'I-TEMUAN', 'I-TEMUAN', 'I-TEMUAN', 'I-TEMUAN', 'I-TEMUAN', 'I-TEMUAN', 'I-TEMUAN', 'I-TEMUAN', 'I-TEMUAN', 'O', 'I-TEMUAN', 'I-TEMUAN', 'I-TEMUAN', 'I-TEMUAN', 'I-TEMUAN', 'I-TEMUAN', 'I-TEMUAN', 'I-TEMUAN', 'I-TEMUAN']"
2,"['O', 'O', 'O', 'O', 'O', 'O', 'O', 'B-TUJUAN', 'I-TUJUAN', 'I-TUJUAN', 'I-TUJUAN', 'I-TUJUAN', 'I-TUJUAN', 'I-TUJUAN', 'O', 'I-METODE', 'O', 'I-METODE', 'O', 'O', 'I-TUJUAN', 'I-TUJUAN', 'I-TUJUAN', 'O', 'O', 'O', 'O', 'O', 'I-TEMUAN', 'I-TEMUAN', 'I-TEMUAN', 'I-TUJUAN', 'I-TUJUAN', 'I-TEMUAN', 'I-TEMUAN', 'I-METODE', 'I-TEMUAN', 'I-TEMUAN', 'I-TEMUAN', 'I-TEMUAN', 'I-TEMUAN', 'I-TEMUAN', 'I-TEMUAN', 'I-TEMUAN', 'I-TEMUAN', 'I-TEMUAN', 'I-TEMUAN', 'I-TEMUAN', 'I-TEMUAN', 'I-TEMUAN', 'I-TEMUAN', 'O', 'O', 'I-METODE', 'I-TEMUAN', 'I-TEMUAN', 'I-TEMUAN', 'O', 'O', 'O', 'O', 'O', 'O', 'O', 'O', 'O', 'O', 'O', 'O', 'O', 'O', 'O', 'B-TEMUAN', 'I-TEMUAN', 'I-TEMUAN', 'I-TEMUAN', 'I-TEMUAN', 'I-TEMUAN', 'I-TEMUAN', 'I-TEMUAN']"
3,"['O', 'O', 'O', 'O', 'O', 'O', 'O', 'O', 'O', 'O', 'O', 'O', 'O', 'O', 'O', 'O', 'O', 'O', 'O', 'O', 'O', 'O', 'O', 'O', 'O', 'O', 'O', 'O', 'O', 'O', 'I-TEMUAN', 'I-TEMUAN', 'O', 'O', 'O', 'O', 'I-TEMUAN', 'O', 'O', 'O', 'O', 'O', 'O', 'O', 'O', 'I-TEMUAN', 'I-TEMUAN', 'I-TEMUAN', 'I-TEMUAN', 'I-TEMUAN', 'I-TUJUAN', 'I-TUJUAN', 'O', 'O', 'O', 'B-METODE', 'I-TEMUAN', 'O', 'O', 'O', 'O', 'I-TEMUAN', 'I-TEMUAN', 'I-TEMUAN', 'I-TEMUAN', 'I-TEMUAN', 'I-TEMUAN', 'O', 'O', 'O', 'O', 'O', 'I-METODE', 'O', 'O', 'O', 'O', 'O', 'O', 'O', 'O', 'O', 'O', 'O', 'O', 'O', 'I-METODE', 'I-TEMUAN', 'I-TEMUAN', 'I-TEMUAN', 'O', 'O', 'I-TEMUAN', 'O', 'I-TEMUAN', 'I-TEMUAN', 'I-TEMUAN', 'O', 'O', 'I-TEMUAN', 'O', 'O', 'I-TEMUAN', 'I-TEMUAN', 'O', 'I-TEMUAN', 'I-TEMUAN', 'O', 'I-TEMUAN', 'I-TEMUAN', 'I-TEMUAN', 'I-TEMUAN', 'I-TEMUAN', 'I-TEMUAN', 'O', 'O', 'O', 'I-TEMUAN', 'I-TEMUAN', 'O', 'I-TEMUAN', 'O', 'O', 'I-TEMUAN', 'I-TEMUAN', 'O', 'O', 'I-TEMUAN', 'I-TEMUAN', 'O', 'I-TEMUAN', 'O', 'I-TEMUAN', 'O', 'O', 'O', 'O', 'O', 'I-TEMUAN', 'O', 'O', 'I-TEMUAN', 'O', 'O', 'I-TEMUAN', 'I-TEMUAN', 'O', 'O', 'I-TEMUAN', 'I-TEMUAN', 'I-TEMUAN', 'I-TEMUAN', 'I-TEMUAN', 'O', 'O', 'O', 'O', 'O', 'I-TEMUAN', 'O', 'I-TEMUAN', 'I-TEMUAN', 'I-TEMUAN', 'O', 'I-TEMUAN', 'I-TEMUAN', 'I-TEMUAN', 'O', 'O', 'O', 'I-TEMUAN', 'I-TEMUAN', 'I-TEMUAN', 'I-TEMUAN', 'I-TEMUAN', 'I-TEMUAN', 'O', 'O', 'I-TEMUAN', 'I-TEMUAN', 'I-TEMUAN', 'O', 'I-TEMUAN', 'I-TEMUAN', 'O', 'I-TEMUAN']"
4,"['O', 'O', 'O', 'O', 'O', 'O', 'O', 'O', 'O', 'O', 'O', 'O', 'O', 'O', 'I-TUJUAN', 'O', 'I-TUJUAN', 'I-TUJUAN', 'I-TUJUAN', 'O', 'O', 'O', 'O', 'I-TUJUAN', 'I-TUJUAN', 'I-TUJUAN', 'I-TUJUAN', 'O', 'O', 'O', 'O', 'O', 'O', 'O', 'I-TEMUAN', 'I-TUJUAN', 'O', 'O', 'O', 'O', 'O', 'I-TEMUAN', 'I-TEMUAN', 'I-TEMUAN', 'I-TEMUAN', 'I-TEMUAN', 'O', 'O', 'O', 'O', 'O', 'O', 'O', 'O', 'O', 'O', 'O', 'O', 'O', 'O', 'I-TEMUAN', 'I-TEMUAN', 'I-TEMUAN', 'I-TEMUAN', 'I-TEMUAN', 'I-TEMUAN', 'I-TEMUAN', 'O', 'I-TEMUAN', 'I-TEMUAN', 'I-TEMUAN', 'I-TEMUAN', 'I-TEMUAN', 'I-TEMUAN', 'I-TEMUAN', 'I-TEMUAN', 'I-TEMUAN', 'I-TEMUAN', 'I-TEMUAN', 'I-TEMUAN', 'I-TEMUAN', 'I-TEMUAN', 'I-TEMUAN', 'I-TEMUAN', 'I-TEMUAN', 'I-TEMUAN', 'I-TEMUAN', 'I-TEMUAN', 'I-TEMUAN', 'I-TEMUAN', 'O', 'O', 'I-TEMUAN', 'I-TEMUAN', 'I-TEMUAN', 'O', 'O', 'O', 'O', 'O', 'O', 'O', 'O', 'O', 'O', 'O', 'O', 'I-TEMUAN', 'I-TEMUAN', 'I-TEMUAN', 'I-TEMUAN', 'O', 'I-TEMUAN', 'I-TEMUAN', 'I-TEMUAN', 'I-TEMUAN', 'I-TEMUAN', 'I-TEMUAN', 'I-TEMUAN', 'O', 'O', 'O', 'I-TEMUAN', 'I-TEMUAN', 'O', 'I-TEMUAN', 'O', 'O', 'I-TEMUAN', 'I-TEMUAN', 'I-TEMUAN', 'O', 'I-TEMUAN', 'O', 'I-TEMUAN', 'I-TEMUAN', 'I-TEMUAN', 'I-TEMUAN', 'I-TEMUAN', 'I-TEMUAN', 'O', 'I-TEMUAN', 'I-TEMUAN', 'O', 'O', 'I-TEMUAN', 'I-TEMUAN', 'I-TEMUAN', 'I-TEMUAN', 'O', 'O', 'O', 'O', 'O', 'O', 'O', 'I-TEMUAN', 'O', 'O', 'I-TEMUAN', 'I-TEMUAN', 'O', 'O', 'O', 'O', 'O', 'O', 'O', 'O', 'O', 'O', 'O', 'I-TEMUAN', 'O', 'I-TEMUAN', 'O', 'O', 'O', 'I-TEMUAN', 'I-TEMUAN', 'I-TEMUAN', 'I-TEMUAN', 'I-TEMUAN', 'I-TEMUAN', 'O', 'O', 'O', 'O', 'I-TEMUAN', 'O', 'O', 'O', 'I-TEMUAN']"
5,"['O', 'O', 'O', 'O', 'O', 'O', 'O', 'O', 'O', 'O', 'O', 'O', 'O', 'I-TUJUAN', 'I-TUJUAN', 'I-TUJUAN', 'I-TUJUAN', 'I-TUJUAN', 'I-TUJUAN', 'I-TUJUAN', 'I-TUJUAN', 'O', 'O', 'O', 'O', 'I-TUJUAN', 'I-TUJUAN', 'I-TUJUAN', 'I-TUJUAN', 'O', 'O', 'I-TUJUAN', 'O', 'O', 'I-METODE', 'I-METODE', 'I-METODE', 'O', 'O', 'O', 'O', 'O', 'O', 'O', 'O', 'I-METODE', 'O', 'O', 'O', 'O', 'O', 'O', 'O', 'O', 'O', 'I-TEMUAN', 'I-TEMUAN', 'I-TEMUAN', 'I-TEMUAN', 'I-TEMUAN', 'I-TEMUAN', 'I-TEMUAN', 'I-TEMUAN', 'I-TEMUAN', 'I-TEMUAN', 'I-TEMUAN', 'O', 'O', 'O', 'O', 'O', 'O', 'O', 'O', 'O', 'O', 'O', 'O', 'I-TEMUAN', 'I-TEMUAN', 'I-TEMUAN', 'I-TEMUAN', 'I-TEMUAN', 'I-TEMUAN', 'I-TEMUAN', 'I-TEMUAN', 'I-TEMUAN', 'I-TEMUAN', 'O', 'O', 'O', 'O', 'O', 'O', 'O', 'O', 'O', 'O', 'I-TEMUAN', 'I-TEMUAN', 'I-TEMUAN', 'I-TEMUAN', 'I-TEMUAN', 'I-TEMUAN', 'I-TEMUAN', 'I-TEMUAN', 'I-TEMUAN', 'I-TEMUAN', 'O', 'O', 'O', 'O']"
6,"['O', 'O', 'O', 'O', 'O', 'O', 'O', 'O', 'O', 'O', 'O', 'O', 'O', 'I-TUJUAN', 'I-TUJUAN', 'I-TUJUAN', 'I-TUJUAN', 'I-TUJUAN', 'I-TUJUAN', 'O', 'O', 'O', 'O', 'I-TUJUAN', 'I-TUJUAN', 'I-TUJUAN', 'I-TUJUAN', 'I-TUJUAN', 'I-TUJUAN', 'O', 'I-TUJUAN', 'I-TUJUAN', 'O', 'I-TEMUAN', 'I-TEMUAN', 'I-TEMUAN', 'I-TEMUAN', 'I-TEMUAN', 'I-TEMUAN', 'I-TUJUAN', 'I-TUJUAN', 'I-TUJUAN', 'I-TEMUAN', 'I-TEMUAN', 'O', 'O', 'O', 'O', 'O', 'O', 'O', 'O', 'O', 'I-TEMUAN', 'I-TEMUAN', 'I-TEMUAN', 'O', 'I-TEMUAN', 'I-METODE', 'O', 'O', 'O', 'I-TEMUAN', 'I-TEMUAN', 'I-TUJUAN', 'I-TUJUAN', 'I-TUJUAN', 'I-TUJUAN', 'I-TUJUAN', 'I-TEMUAN', 'I-TUJUAN', 'I-METODE', 'I-METODE', 'O', 'O', 'O', 'O', 'O', 'O', 'O', 'O', 'O', 'O', 'O', 'O', 'O', 'O', 'O', 'O', 'I-TEMUAN', 'I-TEMUAN', 'I-TEMUAN', 'I-TEMUAN', 'I-TEMUAN', 'I-TEMUAN', 'I-TEMUAN', 'I-TEMUAN', 'I-TEMUAN', 'I-TEMUAN', 'I-TEMUAN', 'I-TEMUAN', 'I-TEMUAN', 'I-TEMUAN', 'I-TEMUAN', 'I-TEMUAN', 'I-TEMUAN', 'I-TEMUAN', 'I-TEMUAN', 'I-TEMUAN', 'I-TEMUAN', 'I-TEMUAN', 'I-TEMUAN', 'I-TEMUAN', 'I-METODE', 'I-TEMUAN', 'I-TEMUAN', 'I-TEMUAN', 'I-TEMUAN', 'O', 'I-TEMUAN', 'O', 'I-TEMUAN', 'I-TEMUAN', 'I-TEMUAN', 'I-TEMUAN', 'I-TEMUAN', 'O', 'I-TEMUAN', 'I-TEMUAN', 'I-TEMUAN', 'I-TEMUAN', 'I-TEMUAN', 'I-TEMUAN', 'I-TEMUAN', 'I-TEMUAN', 'I-TEMUAN', 'I-TEMUAN', 'I-TEMUAN', 'I-TEMUAN', 'I-TEMUAN', 'I-TEMUAN', 'I-TEMUAN', 'I-TEMUAN', 'O', 'I-TEMUAN', 'I-TEMUAN', 'O', 'I-TEMUAN']"
7,"['O', 'O', 'O', 'O', 'O', 'O', 'O', 'O', 'O', 'O', 'O', 'O', 'O', 'O', 'O', 'O', 'O', 'I-METODE', 'I-METODE', 'I-METODE', 'I-METODE', 'I-METODE', 'I-METODE', 'I-METODE', 'I-METODE', 'I-METODE', 'O', 'O', 'O', 'O', 'O', 'O', 'B-METODE', 'I-METODE', 'I-METODE', 'I-METODE', 'O', 'O', 'O', 'I-TEMUAN', 'I-TUJUAN', 'I-TEMUAN', 'I-TUJUAN', 'I-TEMUAN', 'O', 'O', 'O', 'O', 'O', 'O', 'I-TEMUAN', 'I-TEMUAN', 'I-TEMUAN', 'I-TEMUAN', 'I-TEMUAN', 'I-TEMUAN', 'I-TEMUAN', 'O', 'O', 'O', 'O', 'O', 'O', 'O', 'O', 'O', 'O', 'O', 'O', 'O', 'O', 'O', 'O', 'O', 'I-TEMUAN', 'I-TEMUAN', 'I-TEMUAN', 'I-TEMUAN', 'I-TEMUAN', 'I-TEMUAN', 'I-TEMUAN', 'I-TEMUAN', 'I-TEMUAN', 'O', 'O', 'O', 'O', 'O', 'I-TEMUAN', 'I-TEMUAN', 'O', 'O', 'O', 'O', 'O', 'O', 'O', 'O', 'O', 'O', 'O', 'O', 'O', 'O', 'O', 'O', 'O', 'I-TEMUAN', 'I-TEMUAN', 'I-TEMUAN', 'I-TEMUAN', 'O', 'I-TEMUAN', 'O', 'I-TEMUAN', 'I-TEMUAN', 'O', 'O', 'I-TEMUAN', 'O', 'I-TEMUAN', 'I-TEMUAN', 'I-TEMUAN', 'O', 'I-TEMUAN', 'I-TEMUAN', 'I-TEMUAN', 'I-TEMUAN', 'I-TEMUAN', 'O', 'O', 'O', 'I-TEMUAN', 'O', 'I-TEMUAN', 'I-TEMUAN', 'O', 'O', 'I-TEMUAN', 'I-TEMUAN', 'O', 'I-TEMUAN', 'I-TEMUAN', 'I-TEMUAN', 'O', 'I-TEMUAN']"
8,"['O', 'O', 'O', 'O', 'O', 'O', 'O', 'O', 'O', 'O', 'O', 'O', 'O', 'O', 'O', 'O', 'O', 'I-METODE', 'I-METODE', 'O', 'O', 'I-METODE', 'O', 'O', 'O', 'O', 'I-METODE', 'I-TUJUAN', 'I-TUJUAN', 'O', 'O', 'I-METODE', 'I-METODE', 'O', 'O', 'I-METODE', 'I-METODE', 'O', 'O', 'O', 'O', 'O', 'O', 'O', 'O', 'O', 'O', 'O', 'O', 'O', 'O', 'O', 'O', 'I-TEMUAN', 'I-TEMUAN', 'O', 'I-TEMUAN', 'I-TEMUAN', 'I-TEMUAN', 'I-TEMUAN', 'I-TEMUAN', 'I-TEMUAN', 'I-TEMUAN', 'O', 'O', 'O', 'O', 'B-METODE', 'I-METODE', 'O', 'O', 'O', 'O', 'O', 'O', 'O', 'O', 'O', 'O', 'I-TEMUAN', 'I-TEMUAN', 'I-TEMUAN', 'I-TEMUAN', 'I-TEMUAN', 'I-TEMUAN', 'I-TEMUAN', 'I-TEMUAN', 'I-TEMUAN', 'O', 'O', 'I-TEMUAN', 'I-TEMUAN', 'O', 'O', 'O', 'I-TEMUAN', 'I-TEMUAN', 'I-TEMUAN', 'I-TEMUAN', 'I-TEMUAN', 'I-TEMUAN', 'I-TEMUAN', 'I-TEMUAN', 'I-TEMUAN', 'I-TEMUAN', 'I-TEMUAN', 'O', 'O', 'I-TEMUAN', 'O', 'I-TEMUAN', 'O', 'I-TEMUAN', 'O', 'O', 'I-TEMUAN', 'O', 'O', 'I-TEMUAN', 'I-TEMUAN', 'I-TEMUAN', 'I-TEMUAN', 'I-TEMUAN', 'I-TEMUAN', 'O', 'O', 'I-TEMUAN', 'O', 'I-TEMUAN', 'O', 'O', 'O', 'I-TEMUAN', 'O', 'I-TEMUAN', 'O', 'I-TEMUAN', 'I-TEMUAN', 'I-TEMUAN', 'O', 'I-TEMUAN', 'I-TEMUAN', 'O', 'I-TEMUAN', 'I-TEMUAN', 'I-TEMUAN', 'I-TEMUAN', 'I-TEMUAN', 'O', 'I-TEMUAN', 'I-TEMUAN', 'I-TEMUAN', 'I-TEMUAN', 'I-TEMUAN', 'O', 'O', 'O', 'O', 'O', 'O', 'O', 'O', 'I-TEMUAN', 'O', 'I-TEMUAN', 'I-TEMUAN', 'I-TEMUAN', 'I-TEMUAN', 'I-TEMUAN', 'O', 'I-TEMUAN', 'I-TEMUAN', 'I-TEMUAN', 'O', 'O', 'I-TEMUAN', 'I-TEMUAN', 'I-TEMUAN', 'O', 'I-TEMUAN', 'O', 'I-TEMUAN', 'I-TEMUAN', 'I-TEMUAN', 'I-TEMUAN', 'I-TEMUAN', 'O', 'O', 'I-TEMUAN', 'I-TEMUAN', 'I-TEMUAN', 'I-TEMUAN', 'I-TEMUAN', 'I-TEMUAN', 'I-TEMUAN', 'I-TEMUAN', 'O', 'I-TEMUAN', 'O', 'I-TEMUAN', 'I-TEMUAN', 'O', 'I-TEMUAN', 'I-TEMUAN', 'I-TEMUAN', 'O', 'I-TEMUAN', 'I-TEMUAN', 'I-TEMUAN', 'I-TEMUAN', 'I-TEMUAN', 'O', 'I-TEMUAN', 'I-TEMUAN', 'I-TEMUAN', 'I-TEMUAN', 'I-TEMUAN', 'I-TEMUAN', 'I-TEMUAN', 'O', 'O', 'O', 'I-TEMUAN', 'I-TEMUAN', 'I-TEMUAN', 'O', 'I-TEMUAN', 'I-TEMUAN', 'I-TEMUAN', 'I-TEMUAN', 'I-TEMUAN', 'O', 'I-TEMUAN', 'I-TEMUAN', 'I-TEMUAN', 'I-TEMUAN', 'I-TEMUAN', 'I-TEMUAN', 'I-TEMUAN', 'I-TEMUAN', 'I-TEMUAN', 'O', 'O', 'I-TEMUAN', 'O', 'I-TEMUAN', 'O', 'O', 'I-TEMUAN', 'O', 'O', 'O', 'O', 'I-TEMUAN', 'O', 'O', 'I-TEMUAN', 'I-TEMUAN', 'I-TEMUAN']"
9,"['O', 'O', 'O', 'O', 'O', 'O', 'O', 'O', 'O', 'O', 'O', 'O', 'O', 'O', 'O', 'O', 'O', 'O', 'O', 'I-TUJUAN', 'I-TUJUAN', 'I-TUJUAN', 'I-TUJUAN', 'I-TUJUAN', 'I-TUJUAN', 'I-TUJUAN', 'I-TUJUAN', 'O', 'O', 'O', 'O', 'O', 'O', 'O', 'O', 'O', 'O', 'O', 'O', 'O', 'O', 'O', 'O', 'O', 'I-TUJUAN', 'I-TUJUAN', 'O', 'O', 'O', 'O', 'O', 'O', 'O', 'O', 'O', 'O', 'O', 'O', 'O', 'I-METODE', 'I-METODE', 'I-METODE', 'I-METODE', 'I-METODE', 'I-METODE', 'O', 'O', 'O', 'I-METODE', 'I-METODE', 'O', 'O', 'I-METODE', 'O', 'O', 'I-TEMUAN', 'I-TEMUAN', 'O', 'O', 'O', 'I-TEMUAN', 'O', 'I-TEMUAN', 'B-TEMUAN', 'O', 'O', 'O', 'I-TEMUAN', 'I-TEMUAN', 'I-TEMUAN', 'I-TEMUAN', 'I-TEMUAN', 'I-TEMUAN', 'I-TEMUAN', 'I-TEMUAN', 'I-TEMUAN', 'I-TEMUAN', 'I-TEMUAN', 'I-TEMUAN', 'I-TEMUAN', 'I-TEMUAN', 'I-TEMUAN', 'I-TEMUAN', 'I-TEMUAN', 'I-TEMUAN', 'I-TEMUAN', 'O', 'I-TEMUAN', 'I-TEMUAN', 'O', 'I-TEMUAN', 'I-TEMUAN', 'I-TEMUAN', 'I-TEMUAN', 'O', 'O', 'O', 'O', 'I-TEMUAN', 'O', 'O', 'O', 'O', 'I-TEMUAN', 'O', 'O', 'O', 'O', 'I-TEMUAN', 'I-TEMUAN', 'O', 'I-TEMUAN', 'I-TEMUAN', 'I-TEMUAN', 'O', 'O', 'I-TEMUAN', 'I-TEMUAN', 'I-TEMUAN', 'O', 'I-TEMUAN', 'I-TEMUAN', 'I-TEMUAN', 'I-TEMUAN', 'I-TEMUAN', 'O', 'I-TEMUAN', 'I-TEMUAN', 'I-TEMUAN', 'I-TEMUAN', 'I-TEMUAN', 'I-TEMUAN', 'I-TEMUAN', 'I-TEMUAN', 'I-TEMUAN', 'I-TEMUAN', 'I-TEMUAN', 'I-TEMUAN', 'I-TEMUAN', 'O', 'I-TEMUAN', 'I-TEMUAN', 'O', 'I-TEMUAN', 'I-TEMUAN', 'I-TEMUAN', 'I-TEMUAN', 'I-TEMUAN', 'I-TEMUAN', 'I-TEMUAN', 'I-TEMUAN', 'I-TEMUAN', 'I-TEMUAN', 'I-TEMUAN', 'I-TEMUAN', 'O', 'I-TEMUAN', 'I-TEMUAN', 'I-TEMUAN', 'O', 'I-TEMUAN', 'I-TEMUAN', 'I-TEMUAN', 'O', 'O', 'I-TEMUAN', 'O', 'I-TEMUAN', 'I-TEMUAN', 'I-TEMUAN', 'O', 'O', 'I-TEMUAN', 'I-TEMUAN', 'I-TEMUAN', 'O', 'I-TEMUAN', 'O', 'I-TEMUAN', 'O', 'I-TEMUAN', 'O', 'O', 'O', 'O', 'O', 'O', 'O', 'O', 'I-TEMUAN']"
10,"['O', 'O', 'O', 'O', 'O', 'O', 'O', 'I-METODE', 'O', 'O', 'I-METODE', 'I-METODE', 'I-METODE', 'I-METODE', 'O', 'O', 'O', 'O', 'O', 'O', 'O', 'I-TUJUAN', 'I-TUJUAN', 'I-TUJUAN', 'I-TUJUAN', 'I-TUJUAN', 'O', 'B-METODE', 'I-METODE', 'O', 'O', 'O', 'O', 'O', 'O', 'I-TUJUAN', 'I-TUJUAN', 'I-TUJUAN', 'I-TUJUAN', 'I-TUJUAN', 'I-TUJUAN', 'I-TUJUAN', 'I-TUJUAN', 'O', 'O', 'O', 'O']"
11,"['O', 'O', 'O', 'O', 'O', 'O', 'O', 'O', 'O', 'O', 'I-TUJUAN', 'I-TUJUAN', 'I-TUJUAN', 'I-TUJUAN', 'I-TUJUAN', 'I-TUJUAN', 'I-TUJUAN', 'I-TUJUAN', 'I-TUJUAN', 'I-TUJUAN', 'I-TUJUAN', 'I-TUJUAN', 'I-TUJUAN', 'I-TUJUAN', 'O', 'O', 'O', 'O', 'I-METODE', 'I-METODE', 'I-TUJUAN', 'O', 'I-TUJUAN', 'I-TUJUAN', 'I-TUJUAN', 'O', 'I-METODE', 'O', 'O', 'O', 'O', 'O', 'I-TEMUAN', 'O', 'O', 'O', 'O', 'O', 'O', 'O', 'O', 'B-TEMUAN', 'I-METODE', 'I-TEMUAN', 'I-TEMUAN', 'I-TEMUAN', 'I-TEMUAN', 'I-TEMUAN', 'I-TUJUAN', 'I-TUJUAN', 'I-TUJUAN', 'I-TUJUAN', 'I-TUJUAN', 'I-TUJUAN', 'I-TUJUAN', 'I-TUJUAN', 'I-TUJUAN', 'I-TUJUAN', 'O', 'O', 'I-TEMUAN', 'I-TEMUAN', 'I-TEMUAN', 'I-TEMUAN', 'I-TEMUAN', 'I-TEMUAN', 'I-TEMUAN', 'I-TEMUAN', 'O', 'O', 'O', 'O', 'O', 'O', 'O', 'O', 'O', 'O']"
12,"['O', 'O', 'O', 'O', 'O', 'O', 'O', 'O', 'O', 'B-METODE', 'I-METODE', 'I-METODE', 'I-METODE', 'I-METODE', 'I-METODE', 'I-METODE', 'O', 'O', 'O', 'O', 'O', 'O', 'O', 'O', 'I-TEMUAN', 'O', 'O', 'O', 'O', 'O', 'O', 'I-METODE', 'O', 'O', 'O', 'O', 'I-TEMUAN', 'O', 'O', 'I-TEMUAN', 'O', 'O', 'O', 'O', 'O', 'O', 'O', 'I-METODE', 'O', 'O', 'O', 'O', 'O', 'I-TEMUAN', 'I-TEMUAN', 'I-TEMUAN', 'I-TEMUAN', 'I-TEMUAN', 'I-TEMUAN', 'O', 'O', 'O', 'I-TEMUAN', 'O', 'O', 'O', 'O', 'I-TEMUAN', 'O', 'I-TEMUAN', 'O', 'I-TEMUAN', 'I-TEMUAN', 'I-TEMUAN', 'O', 'O', 'I-METODE', 'O', 'O', 'O', 'O', 'O', 'O', 'O', 'O', 'O', 'O', 'O', 'O', 'O', 'O', 'I-TEMUAN', 'I-TEMUAN', 'I-TEMUAN', 'I-TEMUAN', 'I-TEMUAN', 'O', 'I-TEMUAN', 'O', 'O', 'I-TEMUAN', 'O', 'I-TEMUAN']"
13,"['O', 'O', 'O', 'O', 'O', 'O', 'O', 'O', 'O', 'O', 'I-TUJUAN', 'O', 'O', 'O', 'O', 'O', 'I-TUJUAN', 'I-TUJUAN', 'I-TUJUAN', 'I-TUJUAN', 'I-TUJUAN', 'I-TUJUAN', 'I-TUJUAN', 'I-TUJUAN', 'O', 'I-TUJUAN', 'O', 'I-TUJUAN', 'O', 'O', 'O', 'O', 'I-TUJUAN', 'I-TUJUAN', 'I-TEMUAN', 'I-TEMUAN', 'O', 'I-TEMUAN', 'I-TEMUAN', 'I-TEMUAN', 'I-TEMUAN', 'I-TEMUAN', 'I-TEMUAN', 'I-TEMUAN', 'I-TEMUAN', 'O', 'I-TEMUAN', 'I-TEMUAN', 'I-TEMUAN', 'I-TEMUAN', 'I-TEMUAN', 'I-TEMUAN', 'I-TEMUAN', 'I-TEMUAN', 'I-TEMUAN', 'I-TEMUAN', 'I-TEMUAN', 'I-TEMUAN', 'I-TEMUAN', 'O', 'O', 'O', 'O', 'I-TEMUAN', 'I-TEMUAN', 'O', 'I-TEMUAN', 'I-TEMUAN', 'I-TEMUAN', 'I-TEMUAN', 'I-TEMUAN', 'I-TEMUAN', 'I-TEMUAN', 'I-TEMUAN', 'I-TEMUAN', 'O', 'I-TEMUAN', 'I-TEMUAN', 'I-TEMUAN', 'I-TEMUAN', 'I-TEMUAN', 'I-TEMUAN', 'O', 'O', 'O', 'O', 'O', 'I-TEMUAN', 'I-TEMUAN', 'I-TEMUAN', 'O', 'O', 'O', 'O', 'I-TEMUAN', 'O', 'I-TEMUAN', 'I-TEMUAN', 'I-TEMUAN', 'I-TEMUAN', 'I-TEMUAN', 'I-TEMUAN', 'I-TEMUAN', 'I-TEMUAN', 'I-TEMUAN', 'I-TEMUAN', 'I-TEMUAN', 'I-TEMUAN', 'O', 'I-TEMUAN', 'I-TEMUAN', 'I-TEMUAN', 'O', 'I-TEMUAN', 'I-TEMUAN', 'I-TEMUAN', 'O', 'I-TEMUAN', 'I-TEMUAN', 'I-TEMUAN', 'I-TEMUAN', 'I-TEMUAN', 'I-TEMUAN', 'I-TEMUAN', 'I-TEMUAN', 'I-TEMUAN', 'O', 'I-TEMUAN', 'I-TEMUAN', 'I-TEMUAN', 'I-TEMUAN', 'I-TEMUAN', 'I-TEMUAN', 'I-TEMUAN', 'I-TEMUAN', 'I-TEMUAN', 'I-TEMUAN', 'I-TEMUAN', 'I-TEMUAN', 'O', 'O', 'I-TEMUAN', 'I-TEMUAN', 'O', 'I-TEMUAN', 'I-TEMUAN', 'O', 'I-TEMUAN', 'I-TEMUAN', 'I-TEMUAN', 'I-TEMUAN', 'I-TEMUAN', 'I-TEMUAN', 'I-TEMUAN', 'I-TEMUAN']"
14,"['O', 'O', 'O', 'O', 'O', 'O', 'I-TUJUAN', 'I-TUJUAN', 'O', 'O', 'O', 'O', 'O', 'O', 'O', 'O', 'O', 'O', 'O', 'O', 'O', 'I-TEMUAN', 'I-TEMUAN', 'I-TEMUAN', 'I-TEMUAN', 'I-TEMUAN', 'I-TEMUAN', 'O', 'I-TEMUAN', 'I-TEMUAN', 'I-TEMUAN', 'I-TEMUAN', 'O', 'I-TEMUAN', 'I-TEMUAN', 'I-TEMUAN', 'I-TEMUAN', 'O', 'O', 'O', 'O', 'O', 'O', 'O', 'O', 'O', 'O']"
15,"['O', 'O', 'O', 'O', 'O', 'O', 'O', 'O', 'O', 'O', 'O', 'O', 'O', 'O', 'O', 'I-TUJUAN', 'I-TUJUAN', 'I-TUJUAN', 'I-TUJUAN', 'I-TUJUAN', 'I-TUJUAN', 'I-METODE', 'I-METODE', 'I-METODE', 'O', 'O', 'O', 'I-TEMUAN', 'O', 'O', 'O', 'I-TUJUAN', 'I-TEMUAN', 'I-TUJUAN', 'I-TUJUAN', 'O', 'O', 'O', 'O', 'O', 'O', 'O', 'O', 'O', 'O', 'I-TEMUAN', 'I-TEMUAN', 'I-TUJUAN', 'I-TUJUAN', 'I-TUJUAN', 'I-TUJUAN', 'I-TUJUAN', 'O', 'O', 'O', 'I-TEMUAN', 'I-TEMUAN', 'I-TEMUAN', 'I-TEMUAN', 'I-TEMUAN', 'I-TEMUAN', 'I-TEMUAN', 'O', 'I-TEMUAN', 'I-TEMUAN', 'I-TEMUAN', 'I-TEMUAN', 'I-TEMUAN', 'I-TEMUAN', 'I-TEMUAN', 'I-TEMUAN', 'I-TEMUAN', 'I-TEMUAN', 'I-TEMUAN', 'I-TEMUAN', 'I-TEMUAN', 'I-TEMUAN', 'I-TEMUAN', 'I-TEMUAN', 'O', 'O', 'O', 'O', 'O', 'O', 'O', 'O', 'O', 'I-TUJUAN', 'I-TUJUAN', 'I-TUJUAN', 'I-TUJUAN', 'I-TUJUAN', 'I-TEMUAN', 'O', 'I-TEMUAN', 'I-TEMUAN', 'O', 'I-TEMUAN', 'I-TEMUAN', 'I-TEMUAN', 'O', 'I-TEMUAN', 'O', 'O', 'I-TEMUAN', 'O', 'I-TEMUAN', 'I-TEMUAN', 'I-TEMUAN', 'O', 'I-TEMUAN', 'I-TEMUAN', 'I-TEMUAN', 'I-TEMUAN', 'I-TEMUAN', 'I-TEMUAN', 'I-TEMUAN', 'I-TEMUAN', 'I-TEMUAN', 'O', 'I-TEMUAN', 'I-TEMUAN', 'I-TEMUAN', 'O', 'I-TEMUAN', 'I-TEMUAN', 'I-TEMUAN', 'I-TEMUAN', 'O', 'I-TEMUAN', 'O', 'I-TEMUAN', 'I-TEMUAN', 'I-TEMUAN', 'O', 'I-TEMUAN', 'O', 'O', 'I-TEMUAN', 'O', 'I-TEMUAN', 'I-TEMUAN', 'O', 'I-TEMUAN', 'I-TEMUAN', 'I-TEMUAN', 'O', 'I-TEMUAN', 'I-TEMUAN', 'I-TEMUAN', 'I-TEMUAN', 'I-TEMUAN', 'I-TEMUAN', 'I-TEMUAN', 'I-TEMUAN', 'I-TEMUAN', 'I-TEMUAN', 'O', 'I-TEMUAN', 'I-TEMUAN', 'I-TEMUAN', 'I-TEMUAN', 'I-TEMUAN', 'I-TEMUAN', 'I-TEMUAN', 'I-TEMUAN', 'O', 'I-TEMUAN', 'I-TEMUAN', 'I-TEMUAN', 'I-TEMUAN', 'I-TEMUAN', 'I-TEMUAN', 'I-TEMUAN', 'I-TEMUAN', 'I-TEMUAN']"
16,"['O', 'O', 'O', 'O', 'O', 'O', 'O', 'O', 'O', 'O', 'O', 'O', 'O', 'I-TUJUAN', 'I-TUJUAN', 'I-TUJUAN', 'O', 'O', 'O', 'O', 'I-METODE', 'I-METODE', 'I-METODE', 'I-METODE', 'I-METODE', 'I-METODE', 'I-METODE', 'I-METODE', 'I-METODE', 'I-METODE', 'O', 'O', 'O', 'O', 'O', 'O', 'O', 'O', 'I-METODE', 'I-METODE', 'I-METODE', 'I-METODE', 'O', 'O', 'O', 'O', 'O', 'O', 'O', 'O', 'B-METODE', 'I-METODE', 'I-METODE', 'O', 'O', 'O', 'I-TEMUAN', 'O', 'O', 'I-METODE', 'I-TEMUAN', 'I-TEMUAN', 'I-TEMUAN', 'I-TEMUAN', 'I-TEMUAN', 'I-TEMUAN', 'I-TEMUAN', 'I-TEMUAN', 'I-TEMUAN', 'I-TEMUAN', 'I-TEMUAN', 'I-TEMUAN', 'I-TEMUAN', 'I-TEMUAN', 'I-TEMUAN', 'I-TEMUAN', 'I-TEMUAN', 'I-TEMUAN', 'I-TEMUAN', 'I-TEMUAN', 'O', 'O', 'O', 'O', 'O', 'O', 'O', 'O', 'O', 'O', 'O', 'O', 'O', 'O', 'O', 'O', 'O', 'O', 'O', 'O', 'I-TEMUAN', 'I-TEMUAN', 'I-TEMUAN', 'I-TEMUAN', 'I-TEMUAN', 'I-TEMUAN', 'I-TEMUAN', 'I-TEMUAN', 'I-TEMUAN', 'I-TEMUAN', 'I-TEMUAN', 'I-TEMUAN', 'O', 'I-TEMUAN', 'I-TEMUAN', 'I-TEMUAN', 'I-TEMUAN', 'I-TEMUAN', 'I-TEMUAN', 'O', 'O', 'I-TEMUAN', 'I-TEMUAN', 'I-TEMUAN', 'I-TEMUAN', 'I-TEMUAN', 'I-TEMUAN', 'I-TEMUAN', 'O', 'I-TEMUAN', 'I-TEMUAN', 'O', 'I-TEMUAN', 'I-TEMUAN', 'I-TEMUAN', 'I-TEMUAN', 'O', 'I-TEMUAN', 'I-TEMUAN', 'I-TEMUAN', 'I-TEMUAN', 'I-TEMUAN', 'I-TEMUAN', 'I-TEMUAN', 'I-TEMUAN', 'I-TEMUAN', 'I-TEMUAN', 'I-TEMUAN', 'I-TEMUAN', 'I-TEMUAN', 'O', 'I-TEMUAN', 'I-TEMUAN', 'I-TEMUAN', 'I-TEMUAN', 'I-TEMUAN', 'I-TEMUAN', 'O', 'O', 'O', 'I-TEMUAN', 'I-TEMUAN', 'I-TEMUAN', 'O', 'I-TEMUAN', 'I-TEMUAN', 'I-TEMUAN']"
17,"['O', 'O', 'O', 'O', 'O', 'O', 'O', 'O', 'O', 'O', 'O', 'O', 'I-TUJUAN', 'I-TUJUAN', 'I-TUJUAN', 'O', 'O', 'O', 'O', 'O', 'O', 'O', 'O', 'O', 'I-TUJUAN', 'I-TUJUAN', 'I-TUJUAN', 'I-TUJUAN', 'I-TUJUAN', 'I-TUJUAN', 'I-TUJUAN', 'I-TUJUAN', 'I-TUJUAN', 'I-TUJUAN', 'O', 'O', 'O', 'O', 'O', 'O', 'B-METODE', 'I-METODE', 'I-METODE', 'I-METODE', 'I-METODE', 'O', 'O', 'O', 'I-METODE', 'O', 'B-METODE', 'I-METODE', 'I-METODE', 'I-METODE', 'O', 'B-METODE', 'I-METODE', 'I-METODE', 'O', 'O', 'O', 'O', 'I-TEMUAN', 'I-TEMUAN', 'I-TEMUAN', 'I-TUJUAN', 'I-TEMUAN', 'I-TEMUAN', 'O', 'O', 'O', 'O', 'O', 'I-TEMUAN', 'I-TEMUAN', 'I-TEMUAN', 'O', 'O', 'O', 'I-TEMUAN', 'I-TEMUAN', 'I-TEMUAN', 'I-TEMUAN', 'I-TEMUAN', 'I-TEMUAN', 'I-TEMUAN', 'I-TEMUAN', 'O', 'O', 'O', 'O', 'O', 'I-TEMUAN', 'I-TEMUAN', 'I-TEMUAN', 'I-TEMUAN', 'I-TEMUAN', 'I-TEMUAN', 'I-TEMUAN', 'I-TEMUAN', 'I-TEMUAN', 'I-TEMUAN', 'I-TEMUAN', 'I-TEMUAN', 'O', 'O', 'O', 'O', 'O', 'O', 'O', 'O', 'O', 'O', 'I-METODE', 'O', 'I-TEMUAN', 'I-TEMUAN', 'I-TEMUAN', 'I-TEMUAN', 'O', 'O', 'I-TEMUAN', 'I-TEMUAN', 'I-TEMUAN', 'I-TEMUAN', 'O', 'O', 'O', 'I-TEMUAN', 'I-TEMUAN', 'I-TEMUAN', 'O', 'O', 'I-TEMUAN', 'I-TEMUAN', 'I-TEMUAN', 'I-TEMUAN', 'O', 'O', 'I-TEMUAN', 'I-TEMUAN', 'O', 'I-TEMUAN', 'I-TEMUAN', 'O', 'I-TEMUAN', 'O', 'I-TEMUAN', 'I-TEMUAN', 'O', 'O', 'O', 'O', 'I-TEMUAN', 'O', 'I-TEMUAN', 'O', 'O', 'O', 'I-TEMUAN', 'I-TEMUAN', 'O', 'I-TEMUAN', 'I-TEMUAN', 'O', 'O', 'I-TEMUAN', 'I-TEMUAN', 'I-TEMUAN', 'O', 'O', 'O', 'I-TEMUAN', 'O', 'O', 'I-TEMUAN', 'O', 'O', 'I-TEMUAN', 'O', 'I-TEMUAN', 'I-TEMUAN', 'O', 'O', 'O', 'O', 'O', 'O', 'I-TEMUAN', 'O', 'O', 'O', 'I-TEMUAN', 'I-TEMUAN', 'O', 'I-TEMUAN', 'O', 'O', 'I-TEMUAN', 'I-TEMUAN', 'O', 'O', 'I-TEMUAN', 'I-TEMUAN', 'I-TEMUAN', 'O', 'O', 'O', 'I-TEMUAN', 'O', 'I-TEMUAN', 'O', 'I-TEMUAN', 'I-TEMUAN', 'I-TEMUAN', 'O', 'I-TEMUAN', 'I-TEMUAN', 'I-TEMUAN', 'I-TEMUAN', 'O', 'O', 'I-TEMUAN', 'I-TEMUAN', 'I-TEMUAN', 'O', 'I-TEMUAN', 'O', 'I-TEMUAN', 'I-TEMUAN', 'I-TEMUAN', 'I-TEMUAN', 'I-TEMUAN', 'O', 'I-TEMUAN', 'I-TEMUAN', 'O', 'O', 'I-TEMUAN', 'O', 'I-TEMUAN', 'O', 'I-TEMUAN', 'I-TEMUAN', 'O', 'I-TEMUAN', 'I-TEMUAN', 'I-TEMUAN']"
18,"['O', 'O', 'O', 'O', 'O', 'O', 'O', 'O', 'O', 'O', 'O', 'O', 'O', 'O', 'O', 'O', 'O', 'O', 'O', 'O', 'O', 'O', 'O', 'O', 'O', 'O', 'O', 'O', 'O', 'O', 'O', 'O', 'O', 'O', 'O', 'O', 'I-TUJUAN', 'I-TUJUAN', 'I-TUJUAN', 'I-TUJUAN', 'I-TUJUAN', 'I-TUJUAN', 'I-TUJUAN', 'O', 'O', 'O', 'O', 'O', 'O', 'O', 'I-TEMUAN', 'O', 'O', 'O', 'O', 'O', 'O', 'O', 'O', 'O', 'O', 'I-TEMUAN', 'I-TEMUAN', 'I-TEMUAN', 'I-TEMUAN', 'I-TEMUAN', 'I-TEMUAN', 'I-TEMUAN', 'I-TEMUAN', 'I-TEMUAN', 'I-TEMUAN', 'I-TUJUAN', 'I-TUJUAN', 'I-TEMUAN', 'O', 'O', 'O', 'O', 'O', 'O', 'O', 'O', 'I-TEMUAN', 'I-TUJUAN', 'I-TUJUAN', 'I-TUJUAN', 'O', 'O', 'O', 'O', 'O', 'O', 'O', 'O', 'O', 'O', 'O', 'I-TEMUAN', 'I-TEMUAN', 'I-TEMUAN', 'I-TEMUAN', 'O', 'O', 'O', 'O', 'I-TEMUAN', 'O', 'I-TEMUAN', 'O']"
19,"['O', 'O', 'O', 'O', 'O', 'O', 'O', 'O', 'O', 'O', 'O', 'O', 'I-TEMUAN', 'O', 'O', 'O', 'O', 'O', 'O', 'I-TUJUAN', 'I-TUJUAN', 'I-TUJUAN', 'I-TEMUAN', 'I-TEMUAN', 'O', 'O', 'O', 'O', 'O', 'I-TUJUAN', 'I-TUJUAN', 'I-TUJUAN', 'I-TUJUAN', 'I-TUJUAN', 'I-TUJUAN', 'I-TUJUAN', 'O', 'I-TUJUAN', 'I-TEMUAN', 'I-TEMUAN', 'I-TEMUAN', 'O', 'O', 'O', 'O', 'I-TEMUAN', 'O', 'I-TEMUAN', 'I-TUJUAN', 'I-TUJUAN', 'I-TUJUAN', 'I-TUJUAN', 'O', 'O', 'O', 'O', 'O', 'I-METODE', 'I-METODE', 'I-METODE', 'I-METODE', 'I-METODE', 'I-METODE', 'I-METODE', 'I-METODE', 'I-METODE', 'O', 'I-TEMUAN', 'O', 'B-METODE', 'I-METODE', 'I-METODE', 'I-METODE', 'O', 'O', 'O', 'O', 'O', 'I-METODE', 'I-METODE', 'I-METODE', 'O', 'O', 'O', 'I-TEMUAN', 'I-TEMUAN', 'O', 'I-TEMUAN', 'I-TEMUAN', 'I-TEMUAN', 'I-TEMUAN', 'I-TEMUAN', 'I-TEMUAN', 'I-TEMUAN', 'I-TEMUAN', 'I-TEMUAN', 'I-TEMUAN', 'I-TEMUAN', 'I-TEMUAN', 'I-TEMUAN', 'I-TEMUAN', 'I-TEMUAN', 'I-TEMUAN', 'I-TEMUAN', 'I-TEMUAN', 'I-TEMUAN', 'I-TEMUAN', 'I-TEMUAN', 'I-TEMUAN', 'I-TEMUAN', 'I-TEMUAN', 'I-TEMUAN', 'O', 'O', 'I-TEMUAN', 'O', 'O', 'O', 'O', 'O', 'O', 'I-TEMUAN', 'O', 'O', 'O', 'O', 'O', 'O', 'O', 'O', 'O', 'O', 'O', 'O', 'O', 'O', 'I-TEMUAN', 'I-TEMUAN', 'O', 'I-TEMUAN', 'I-TUJUAN', 'I-TEMUAN', 'O', 'I-TUJUAN', 'O', 'O', 'O', 'O', 'O', 'O', 'I-TEMUAN', 'I-TEMUAN', 'O', 'O', 'O', 'O', 'O', 'O', 'O', 'O', 'I-TEMUAN', 'O', 'I-TEMUAN', 'O', 'O', 'O', 'O', 'O', 'I-TEMUAN', 'O', 'O', 'O', 'O', 'O', 'O', 'O', 'O', 'O', 'I-TEMUAN', 'I-TEMUAN', 'O', 'O', 'I-TEMUAN', 'O', 'O', 'I-TEMUAN', 'I-TEMUAN', 'O', 'O', 'I-TEMUAN', 'I-TEMUAN', 'O', 'O', 'I-TEMUAN', 'O', 'I-TEMUAN', 'I-TEMUAN', 'I-TEMUAN', 'I-TEMUAN', 'I-TEMUAN', 'O', 'I-TEMUAN', 'I-TEMUAN', 'O', 'I-TEMUAN', 'O', 'I-TEMUAN', 'O', 'I-TEMUAN', 'I-TEMUAN', 'O', 'I-TEMUAN', 'I-TEMUAN', 'I-TEMUAN', 'O', 'I-TEMUAN', 'O', 'I-TEMUAN', 'I-TEMUAN', 'I-TEMUAN', 'I-TEMUAN', 'I-TEMUAN', 'O', 'O', 'I-TEMUAN', 'O', 'I-TEMUAN', 'I-TEMUAN', 'I-TEMUAN', 'I-TEMUAN', 'I-TEMUAN', 'I-TEMUAN', 'I-TEMUAN', 'I-TEMUAN', 'I-TEMUAN', 'I-TEMUAN', 'O']"
20,"['O', 'O', 'O', 'O', 'O', 'O', 'O', 'O', 'O', 'O', 'O', 'O', 'O', 'O', 'O', 'O', 'O', 'O', 'O', 'O', 'O', 'O', 'I-TUJUAN', 'O', 'O', 'O', 'O']"
21,"['O', 'O', 'O', 'O', 'O', 'O', 'O', 'O', 'O', 'O', 'O', 'O', 'O', 'O', 'O', 'O', 'O', 'O', 'O', 'I-TUJUAN', 'I-TUJUAN', 'I-TUJUAN', 'I-TUJUAN', 'I-TUJUAN', 'I-TUJUAN', 'I-TUJUAN', 'I-TUJUAN', 'I-TUJUAN', 'I-TUJUAN', 'I-TUJUAN', 'I-TUJUAN', 'I-TUJUAN', 'O', 'I-TUJUAN', 'O', 'I-TUJUAN', 'I-TUJUAN', 'I-TUJUAN', 'I-TUJUAN', 'I-TUJUAN', 'I-TUJUAN', 'I-TUJUAN', 'I-TUJUAN', 'O', 'O', 'O', 'O', 'O', 'O', 'O', 'O', 'O', 'I-METODE', 'O', 'I-METODE', 'I-METODE', 'I-METODE', 'I-METODE', 'I-METODE', 'I-METODE', 'I-METODE', 'I-METODE', 'O', 'O', 'O', 'O', 'O', 'O', 'O', 'O', 'O', 'O', 'I-METODE', 'I-METODE', 'I-METODE', 'I-METODE', 'I-METODE', 'O', 'O', 'I-METODE', 'I-METODE', 'I-METODE', 'O', 'O', 'O', 'O', 'O', 'O', 'O', 'O', 'O', 'B-METODE', 'I-METODE', 'I-METODE', 'I-METODE', 'I-METODE', 'I-METODE', 'I-METODE', 'I-METODE', 'I-METODE', 'I-METODE', 'I-METODE', 'I-METODE', 'I-METODE', 'I-TEMUAN', 'I-TEMUAN', 'I-TEMUAN', 'O', 'I-TEMUAN', 'I-TEMUAN', 'I-TEMUAN', 'I-TEMUAN', 'I-TEMUAN', 'I-TEMUAN', 'I-TEMUAN', 'I-TEMUAN', 'I-TEMUAN', 'I-TEMUAN', 'I-TEMUAN', 'I-TEMUAN', 'I-TEMUAN', 'O', 'I-TEMUAN', 'I-TEMUAN', 'I-TEMUAN', 'I-TEMUAN', 'I-TEMUAN', 'I-TEMUAN', 'I-TEMUAN', 'I-TEMUAN', 'I-TEMUAN', 'I-TEMUAN', 'O', 'O', 'I-TEMUAN', 'I-TEMUAN', 'I-TEMUAN', 'I-TEMUAN', 'I-TEMUAN', 'I-TEMUAN', 'O', 'O', 'I-TEMUAN', 'O', 'I-TEMUAN', 'O', 'O', 'O', 'I-TEMUAN', 'I-TEMUAN', 'I-TEMUAN', 'I-TEMUAN', 'O', 'O', 'I-TEMUAN', 'I-TEMUAN', 'O', 'O', 'O', 'I-TEMUAN', 'O', 'O', 'I-TEMUAN', 'I-TEMUAN', 'I-TEMUAN', 'I-TEMUAN', 'I-TEMUAN', 'O', 'I-TEMUAN', 'I-TEMUAN', 'I-TEMUAN', 'I-TEMUAN', 'I-TEMUAN', 'I-TEMUAN', 'O', 'I-TEMUAN', 'I-TEMUAN', 'I-TEMUAN', 'I-TEMUAN', 'I-TEMUAN', 'I-TEMUAN', 'O', 'I-TEMUAN', 'I-TEMUAN', 'I-TEMUAN', 'I-TEMUAN', 'I-TEMUAN', 'I-TEMUAN', 'I-TEMUAN', 'I-TEMUAN', 'I-TEMUAN', 'I-TEMUAN', 'I-TEMUAN', 'I-TEMUAN', 'I-TEMUAN', 'I-TEMUAN', 'I-TEMUAN', 'O', 'I-TEMUAN', 'I-TEMUAN', 'O', 'I-TEMUAN', 'I-TEMUAN', 'O', 'I-TEMUAN', 'I-TEMUAN', 'I-TEMUAN', 'I-TEMUAN', 'O', 'I-TEMUAN', 'I-TEMUAN', 'I-TEMUAN', 'I-TEMUAN', 'I-TEMUAN', 'I-TEMUAN', 'I-TEMUAN', 'I-TEMUAN', 'O', 'I-TEMUAN', 'I-TEMUAN', 'O', 'O']"
22,"['O', 'O', 'O', 'O', 'O', 'O', 'O', 'O', 'O', 'O', 'O', 'O', 'O', 'O', 'O', 'O', 'O', 'O', 'O', 'O', 'O', 'O', 'I-TUJUAN', 'I-TUJUAN', 'I-TUJUAN', 'I-TUJUAN', 'I-TUJUAN', 'I-TUJUAN', 'I-TUJUAN', 'O', 'O', 'O', 'I-TUJUAN', 'O', 'O', 'I-TUJUAN', 'O', 'O', 'O', 'O', 'O', 'O', 'O', 'O', 'O', 'I-TUJUAN', 'I-TUJUAN', 'I-TUJUAN', 'I-TUJUAN', 'I-TUJUAN', 'O', 'I-TEMUAN', 'I-TEMUAN', 'I-TEMUAN', 'I-TEMUAN', 'I-TUJUAN', 'I-TUJUAN', 'O', 'O', 'O', 'O', 'O', 'O', 'O', 'O', 'O', 'O', 'O', 'O', 'O', 'O', 'O', 'O', 'O', 'O', 'O', 'O', 'O', 'O', 'O', 'O', 'O', 'O', 'O', 'O', 'O', 'O', 'O', 'O', 'B-METODE', 'I-METODE', 'I-METODE', 'O', 'I-METODE', 'I-METODE', 'I-TEMUAN', 'O', 'O', 'B-METODE', 'I-TEMUAN', 'I-TEMUAN', 'I-TEMUAN', 'I-METODE', 'I-TEMUAN', 'O', 'O', 'O', 'O', 'O', 'I-TEMUAN', 'I-TEMUAN', 'I-TEMUAN', 'I-TEMUAN', 'I-TEMUAN', 'I-TEMUAN', 'O', 'I-TEMUAN', 'O', 'I-TEMUAN', 'I-TEMUAN', 'I-TEMUAN', 'O', 'I-TEMUAN', 'I-TEMUAN', 'I-TEMUAN', 'I-TEMUAN', 'I-TEMUAN', 'I-TEMUAN', 'I-TEMUAN', 'I-TEMUAN', 'I-TEMUAN', 'I-TEMUAN', 'O', 'O', 'I-TEMUAN', 'I-TEMUAN', 'I-TEMUAN', 'I-TEMUAN', 'I-TEMUAN', 'I-TEMUAN', 'I-TEMUAN', 'I-TEMUAN', 'I-TEMUAN', 'I-TEMUAN', 'I-TEMUAN', 'O', 'I-TEMUAN', 'I-TEMUAN', 'O', 'O', 'O', 'O', 'O', 'O', 'O', 'I-TEMUAN', 'O', 'O', 'O', 'I-TEMUAN', 'O', 'O', 'I-TEMUAN', 'O', 'O', 'I-TEMUAN', 'I-TEMUAN', 'I-TEMUAN', 'I-TEMUAN', 'O', 'I-TEMUAN', 'I-TEMUAN', 'O', 'O', 'I-TEMUAN', 'O', 'I-TEMUAN', 'I-TEMUAN', 'I-TEMUAN', 'I-TEMUAN', 'I-TEMUAN', 'I-TEMUAN', 'I-TEMUAN', 'I-TEMUAN', 'I-TEMUAN', 'I-TEMUAN', 'I-TEMUAN', 'I-TEMUAN', 'I-TEMUAN', 'I-TEMUAN', 'O', 'O', 'O', 'O', 'I-TEMUAN', 'I-TEMUAN', 'I-TEMUAN', 'I-TEMUAN', 'I-TEMUAN', 'I-TEMUAN', 'I-TEMUAN', 'I-TEMUAN', 'O', 'I-TEMUAN', 'I-TEMUAN', 'O', 'I-TEMUAN', 'I-TEMUAN', 'I-TEMUAN', 'I-TEMUAN', 'I-TEMUAN', 'I-TEMUAN', 'I-TEMUAN', 'I-TEMUAN', 'I-TEMUAN', 'I-TEMUAN', 'I-TEMUAN', 'I-TEMUAN', 'I-TEMUAN', 'I-TEMUAN', 'I-TEMUAN', 'I-TEMUAN', 'I-TEMUAN', 'I-TEMUAN', 'I-TEMUAN', 'I-TEMUAN', 'I-TEMUAN', 'I-TEMUAN', 'I-TEMUAN', 'I-TEMUAN', 'I-TEMUAN']"
23,"['O', 'O', 'O', 'O', 'O', 'O', 'O', 'O', 'O', 'O', 'O', 'O', 'O', 'O', 'O', 'O', 'O', 'O', 'O', 'O', 'I-TUJUAN', 'I-TUJUAN', 'I-TUJUAN', 'I-TEMUAN', 'I-TEMUAN', 'O', 'O', 'O', 'O', 'O', 'O', 'O', 'O', 'O', 'O', 'O', 'O', 'I-METODE', 'I-METODE', 'O', 'O', 'O', 'O', 'O', 'O', 'O', 'O', 'O', 'O', 'I-METODE', 'I-METODE', 'O', 'I-TEMUAN', 'I-TEMUAN', 'I-TEMUAN', 'I-TEMUAN', 'I-TEMUAN', 'I-TEMUAN', 'I-TEMUAN', 'O', 'I-TEMUAN', 'O', 'O', 'O', 'B-TEMUAN', 'I-TEMUAN', 'I-TEMUAN', 'I-TEMUAN', 'I-TEMUAN', 'I-TEMUAN', 'I-TEMUAN', 'I-TEMUAN', 'I-TEMUAN', 'I-TEMUAN', 'I-TEMUAN', 'I-TEMUAN', 'I-TEMUAN', 'I-TEMUAN', 'I-TEMUAN', 'I-TEMUAN', 'I-TEMUAN', 'I-TEMUAN', 'I-TEMUAN', 'I-TEMUAN', 'O', 'O', 'O', 'O', 'O', 'O', 'O', 'O', 'O', 'O', 'O', 'O', 'O', 'O', 'I-TEMUAN', 'I-TEMUAN', 'I-TEMUAN', 'O', 'O', 'O', 'I-TEMUAN', 'O', 'I-TEMUAN', 'O', 'O', 'I-TEMUAN', 'I-TEMUAN', 'I-TEMUAN', 'I-TEMUAN', 'I-TEMUAN', 'I-TEMUAN', 'O', 'O', 'I-TEMUAN', 'I-TEMUAN', 'I-TEMUAN', 'I-TEMUAN', 'I-TEMUAN', 'I-TEMUAN', 'I-TEMUAN', 'I-TEMUAN', 'I-TEMUAN', 'I-TEMUAN', 'I-TEMUAN', 'I-TEMUAN', 'I-TEMUAN', 'O', 'O', 'I-TEMUAN', 'O', 'O', 'I-TEMUAN', 'I-TEMUAN', 'I-TEMUAN', 'O', 'I-TEMUAN', 'I-TEMUAN', 'I-TEMUAN', 'I-TEMUAN', 'I-TEMUAN', 'I-TEMUAN', 'I-TEMUAN', 'I-TEMUAN', 'I-TEMUAN', 'I-TEMUAN', 'I-TEMUAN', 'I-TEMUAN', 'I-TEMUAN', 'I-TEMUAN', 'I-TEMUAN', 'I-TEMUAN', 'I-TEMUAN', 'O', 'O', 'I-TEMUAN', 'I-TEMUAN', 'O', 'I-TEMUAN', 'I-TEMUAN', 'I-TEMUAN', 'I-TEMUAN', 'I-TEMUAN', 'I-TEMUAN', 'I-TEMUAN', 'I-TEMUAN', 'I-TEMUAN', 'I-TEMUAN', 'I-TEMUAN', 'I-TEMUAN', 'I-TEMUAN', 'O']"
24,"['O', 'O', 'O', 'O', 'O', 'O', 'O', 'I-TUJUAN', 'I-TUJUAN', 'O', 'O', 'O', 'O', 'O', 'O', 'O', 'I-TUJUAN', 'I-TUJUAN', 'I-TUJUAN', 'I-TUJUAN', 'I-TUJUAN', 'I-TUJUAN', 'I-TUJUAN', 'I-TUJUAN', 'I-TUJUAN', 'I-TUJUAN', 'I-TUJUAN', 'I-TUJUAN', 'I-TUJUAN', 'I-TUJUAN', 'I-TUJUAN', 'O', 'O', 'O', 'O', 'O', 'O', 'O', 'I-TEMUAN', 'I-TUJUAN', 'I-TUJUAN', 'I-TUJUAN', 'I-TUJUAN', 'O', 'O', 'O', 'I-TEMUAN', 'I-TEMUAN', 'O', 'O', 'I-METODE', 'O', 'O', 'O', 'O', 'O', 'O', 'I-TEMUAN', 'I-TEMUAN', 'I-TEMUAN', 'I-TEMUAN', 'I-TEMUAN', 'I-TEMUAN', 'I-TEMUAN', 'I-TEMUAN', 'I-TEMUAN', 'I-TEMUAN', 'I-TEMUAN', 'I-TEMUAN', 'I-TEMUAN', 'I-TEMUAN', 'O', 'O', 'O', 'O', 'O', 'O', 'I-TEMUAN', 'I-TEMUAN', 'I-METODE', 'I-TEMUAN', 'I-TEMUAN', 'I-TEMUAN', 'O', 'O', 'O', 'O', 'O', 'O', 'O', 'O', 'O', 'O', 'O', 'O', 'O', 'O', 'O', 'O', 'O', 'O', 'O', 'O', 'I-TEMUAN', 'I-TEMUAN', 'I-TEMUAN', 'I-TEMUAN', 'I-TEMUAN', 'I-TEMUAN', 'I-TEMUAN', 'I-TEMUAN', 'I-TEMUAN', 'I-TEMUAN', 'I-TEMUAN', 'I-TEMUAN', 'I-TEMUAN', 'O', 'I-TEMUAN', 'O', 'O', 'I-TEMUAN', 'I-TEMUAN', 'O', 'I-TEMUAN', 'O', 'I-TEMUAN', 'I-TEMUAN', 'I-TEMUAN', 'I-TEMUAN', 'I-TEMUAN', 'O', 'I-TEMUAN', 'I-TEMUAN', 'I-TEMUAN', 'I-TEMUAN', 'I-TEMUAN', 'O', 'I-TEMUAN', 'I-TEMUAN', 'I-TEMUAN', 'I-TEMUAN', 'O', 'I-TEMUAN', 'O', 'I-TEMUAN', 'I-TEMUAN', 'O', 'O', 'I-TEMUAN', 'O', 'I-TEMUAN', 'I-TEMUAN', 'I-TEMUAN', 'I-TEMUAN', 'I-TEMUAN', 'I-TEMUAN', 'O', 'I-TEMUAN', 'O', 'O', 'I-TEMUAN', 'I-TEMUAN', 'I-TEMUAN', 'I-TEMUAN', 'O', 'O', 'I-TEMUAN', 'I-TEMUAN', 'I-TEMUAN', 'O', 'O', 'O', 'I-TEMUAN', 'I-TEMUAN', 'O', 'I-TEMUAN', 'I-TEMUAN', 'I-TEMUAN', 'I-TEMUAN', 'O', 'I-TEMUAN', 'I-TEMUAN', 'I-TEMUAN']"
25,"['O', 'O', 'O', 'O', 'O', 'O', 'O', 'O', 'O', 'O', 'O', 'O', 'O', 'I-TEMUAN', 'O', 'O', 'I-METODE', 'I-TEMUAN', 'I-METODE', 'O', 'O', 'O', 'O', 'O', 'O', 'O', 'O', 'O', 'O', 'O', 'O']"
26,"['O', 'O', 'O', 'O', 'O', 'O', 'O', 'O', 'I-METODE', 'I-METODE', 'I-METODE', 'I-METODE', 'I-METODE', 'O', 'I-METODE', 'O', 'O', 'O', 'O', 'O', 'O', 'O', 'O', 'I-METODE', 'I-METODE', 'O', 'I-METODE', 'I-METODE', 'I-METODE', 'I-METODE', 'I-METODE', 'I-METODE', 'I-METODE', 'O', 'I-TUJUAN', 'I-TUJUAN', 'O', 'O', 'O', 'O', 'I-TEMUAN', 'I-TEMUAN', 'I-TEMUAN', 'I-TEMUAN', 'I-TEMUAN', 'I-TEMUAN', 'I-TEMUAN', 'I-TEMUAN', 'I-TEMUAN', 'I-TEMUAN', 'I-TEMUAN', 'I-TEMUAN', 'I-TEMUAN', 'I-TEMUAN', 'I-TEMUAN', 'O', 'O', 'O', 'O', 'I-TEMUAN', 'I-TEMUAN', 'I-TEMUAN', 'I-TEMUAN', 'I-METODE', 'I-METODE', 'I-TEMUAN', 'O', 'I-TEMUAN', 'O', 'O', 'I-METODE', 'I-METODE', 'I-METODE']"
27,"['O', 'O', 'O', 'O', 'O', 'O', 'O', 'O', 'O', 'O', 'O', 'O', 'I-TUJUAN', 'I-TUJUAN', 'I-TUJUAN', 'I-TUJUAN', 'I-TUJUAN', 'I-TUJUAN', 'I-TUJUAN', 'I-TUJUAN', 'I-TUJUAN', 'O', 'O', 'I-TUJUAN', 'O', 'I-TUJUAN', 'I-METODE', 'I-TUJUAN', 'I-TUJUAN', 'O', 'O', 'O', 'O', 'O', 'O', 'I-METODE', 'I-METODE', 'I-METODE', 'I-METODE', 'O', 'O', 'O', 'O', 'B-METODE', 'I-METODE', 'I-METODE', 'O', 'I-METODE', 'I-METODE', 'I-METODE', 'I-METODE', 'I-METODE', 'I-METODE', 'O', 'O', 'O', 'O', 'O', 'O', 'O', 'O', 'I-METODE', 'I-METODE', 'B-TEMUAN', 'I-TEMUAN', 'I-TEMUAN', 'I-TEMUAN', 'I-TEMUAN', 'I-TEMUAN', 'I-TEMUAN', 'O', 'I-TEMUAN', 'I-TEMUAN', 'I-TEMUAN', 'O', 'O', 'O', 'O', 'I-TEMUAN', 'I-TEMUAN', 'I-TEMUAN', 'I-TEMUAN', 'I-TEMUAN', 'I-TEMUAN', 'I-TEMUAN', 'I-TEMUAN', 'I-TEMUAN', 'O', 'O', 'I-TEMUAN', 'I-TEMUAN', 'I-TEMUAN', 'I-TEMUAN', 'I-TEMUAN', 'I-TEMUAN', 'I-TEMUAN', 'I-TEMUAN', 'I-TEMUAN', 'I-TEMUAN', 'I-TEMUAN', 'I-TEMUAN', 'I-TEMUAN', 'I-TEMUAN', 'I-TEMUAN', 'I-TEMUAN', 'I-TEMUAN', 'I-TEMUAN', 'I-TEMUAN', 'O', 'I-TEMUAN', 'I-TEMUAN', 'I-TEMUAN', 'I-TEMUAN', 'I-TEMUAN', 'I-TEMUAN', 'I-TEMUAN', 'I-TEMUAN', 'I-TEMUAN', 'I-TEMUAN', 'I-TEMUAN', 'O', 'O', 'I-TEMUAN', 'I-TEMUAN', 'I-TEMUAN', 'O', 'O', 'I-TEMUAN', 'I-TEMUAN', 'I-TEMUAN', 'I-TEMUAN', 'I-TEMUAN']"
28,"['O', 'O', 'O', 'O', 'O', 'I-METODE', 'I-METODE', 'I-METODE', 'I-METODE', 'I-METODE', 'I-METODE', 'O', 'O', 'O', 'O', 'O', 'O', 'I-METODE', 'O', 'O', 'O', 'O', 'O', 'O', 'O', 'O', 'O', 'O', 'O', 'O', 'O', 'O', 'O', 'O', 'O', 'O', 'O', 'O']"
29,"['O', 'O', 'O', 'O', 'O', 'O', 'O', 'O', 'O', 'O', 'O', 'O', 'O', 'O', 'O', 'O', 'I-TUJUAN', 'I-TEMUAN', 'I-TEMUAN', 'I-TEMUAN', 'O', 'O', 'O', 'I-TUJUAN', 'O', 'O', 'O', 'O', 'I-TUJUAN', 'O', 'O', 'O', 'I-TUJUAN', 'O', 'O', 'O', 'I-TUJUAN', 'I-TUJUAN', 'O', 'O', 'O', 'O', 'I-TEMUAN', 'O', 'O', 'I-TEMUAN', 'O', 'O', 'O', 'O', 'O', 'O', 'O', 'O', 'O', 'O', 'I-TEMUAN', 'I-TEMUAN', 'I-TEMUAN', 'I-TEMUAN', 'I-TEMUAN', 'I-TEMUAN', 'I-TEMUAN', 'I-TEMUAN', 'I-TEMUAN', 'I-TEMUAN', 'I-TEMUAN', 'I-TEMUAN', 'I-TEMUAN', 'O', 'O', 'O', 'O', 'O', 'O', 'O', 'I-TEMUAN', 'I-TEMUAN', 'I-TEMUAN', 'I-TEMUAN', 'O', 'O', 'O', 'O', 'O', 'O', 'O', 'O', 'O', 'O', 'O', 'O', 'O', 'O', 'O', 'O', 'O', 'O', 'O', 'O', 'O', 'O', 'O', 'O', 'O', 'I-TEMUAN', 'O', 'O', 'O', 'O', 'O', 'O', 'O', 'O', 'O', 'I-TEMUAN', 'I-TEMUAN', 'O', 'I-TEMUAN', 'I-TEMUAN', 'I-TEMUAN', 'I-TEMUAN', 'I-TEMUAN', 'O', 'I-TEMUAN', 'I-TEMUAN', 'I-TEMUAN', 'I-TEMUAN', 'I-TEMUAN', 'I-TEMUAN', 'O', 'I-TEMUAN', 'I-TEMUAN', 'I-TEMUAN', 'O', 'I-TEMUAN', 'I-TEMUAN', 'O', 'I-TEMUAN', 'I-TEMUAN', 'I-TEMUAN', 'O', 'I-TEMUAN', 'O', 'I-TEMUAN', 'I-TEMUAN', 'I-TEMUAN', 'O', 'I-TEMUAN', 'I-TEMUAN', 'I-TEMUAN', 'O', 'I-TEMUAN', 'O', 'I-TEMUAN', 'I-TEMUAN', 'I-TEMUAN', 'I-TEMUAN', 'O', 'O', 'I-TEMUAN', 'O', 'O', 'I-TEMUAN', 'I-TEMUAN', 'I-TEMUAN', 'O', 'I-TEMUAN', 'O', 'I-TEMUAN', 'I-TEMUAN', 'O', 'O', 'O', 'O', 'O', 'I-TEMUAN', 'I-TEMUAN', 'O', 'I-TEMUAN', 'I-TEMUAN', 'I-TEMUAN', 'I-TEMUAN', 'I-TEMUAN', 'O', 'I-TEMUAN', 'O', 'O', 'O', 'O', 'I-TEMUAN', 'O', 'I-TEMUAN', 'I-TEMUAN', 'I-TEMUAN', 'I-TEMUAN', 'O', 'I-TEMUAN', 'O', 'I-TEMUAN', 'O', 'O', 'I-TEMUAN', 'I-TEMUAN', 'O']"
30,"['O', 'O', 'O', 'O', 'O', 'O', 'O', 'O', 'O', 'O', 'O', 'O', 'O', 'O', 'O', 'O', 'I-METODE', 'O', 'O', 'O', 'O', 'I-TUJUAN', 'I-TUJUAN', 'I-TEMUAN', 'O', 'I-TEMUAN', 'I-TEMUAN', 'O', 'O', 'O', 'I-TEMUAN', 'I-TEMUAN', 'I-TUJUAN', 'I-TUJUAN', 'I-TUJUAN', 'I-TEMUAN', 'I-TEMUAN', 'I-TEMUAN', 'I-TEMUAN', 'I-TEMUAN', 'I-TEMUAN', 'I-TEMUAN', 'I-TEMUAN', 'I-TEMUAN', 'I-TEMUAN', 'O', 'I-TEMUAN', 'I-TEMUAN', 'O', 'O', 'O', 'O', 'O', 'O', 'O', 'O', 'O', 'I-TEMUAN', 'I-TEMUAN', 'I-TEMUAN', 'O', 'O', 'O', 'O', 'O', 'O', 'O', 'I-TEMUAN', 'I-TEMUAN', 'I-TEMUAN', 'I-TEMUAN', 'I-TEMUAN', 'I-TEMUAN', 'O', 'O', 'O', 'O', 'O', 'O', 'O', 'O', 'O', 'O', 'O', 'O', 'O', 'O', 'O', 'B-METODE', 'I-METODE', 'O', 'O', 'O', 'O', 'O', 'I-TEMUAN', 'I-TEMUAN', 'I-TEMUAN', 'I-TEMUAN', 'I-TEMUAN', 'I-TEMUAN', 'I-TEMUAN', 'I-TEMUAN', 'O', 'I-TEMUAN', 'I-TEMUAN', 'O', 'I-TEMUAN', 'I-TEMUAN', 'I-TEMUAN', 'I-TEMUAN', 'O', 'O', 'I-TEMUAN', 'O', 'O', 'O', 'I-TEMUAN', 'O', 'I-TEMUAN', 'O', 'I-TEMUAN', 'I-TEMUAN', 'O', 'I-TEMUAN', 'O']"
31,"['O', 'O', 'O', 'O', 'O', 'O', 'O', 'O', 'O', 'O', 'O', 'O', 'O', 'O', 'O', 'I-METODE', 'I-METODE', 'I-METODE', 'I-METODE', 'O', 'O', 'I-TEMUAN', 'O', 'O', 'O', 'O', 'O', 'O', 'O', 'O', 'O', 'O', 'O', 'O', 'O', 'O', 'O', 'O', 'O', 'O', 'O', 'O', 'O', 'O', 'I-TEMUAN', 'I-TEMUAN', 'I-TEMUAN', 'I-TUJUAN', 'I-TUJUAN', 'I-TUJUAN', 'I-TUJUAN', 'O', 'O', 'O', 'I-METODE', 'I-TEMUAN', 'O', 'O', 'O', 'O', 'O', 'I-TEMUAN', 'I-TEMUAN', 'I-TEMUAN', 'I-TEMUAN', 'I-TEMUAN', 'I-TEMUAN', 'I-TEMUAN', 'I-TEMUAN', 'I-TEMUAN', 'I-TEMUAN', 'I-TEMUAN', 'O', 'O', 'O', 'O', 'O', 'O', 'O', 'O', 'O', 'O', 'O', 'O', 'O', 'O', 'O', 'O', 'O', 'O', 'O', 'O', 'O', 'O', 'I-TEMUAN', 'I-TEMUAN', 'O', 'I-TEMUAN', 'O', 'I-TEMUAN', 'I-TEMUAN', 'I-TEMUAN', 'I-TEMUAN', 'O', 'I-TEMUAN', 'I-TEMUAN', 'O', 'I-TEMUAN', 'I-TEMUAN', 'I-TEMUAN', 'I-TEMUAN', 'O', 'O', 'O', 'I-TEMUAN', 'I-TEMUAN', 'I-TEMUAN', 'I-TEMUAN', 'I-TEMUAN', 'I-TEMUAN', 'I-TEMUAN', 'I-TEMUAN', 'I-TEMUAN', 'O', 'I-TEMUAN', 'I-TEMUAN', 'O', 'I-TEMUAN', 'O', 'O', 'O', 'I-TEMUAN', 'O', 'I-TEMUAN', 'O', 'I-TEMUAN', 'O', 'I-TEMUAN', 'O', 'O', 'O', 'O', 'O', 'I-TEMUAN', 'O', 'I-TEMUAN', 'I-TEMUAN', 'I-TEMUAN', 'I-TEMUAN', 'I-TEMUAN', 'O', 'O', 'I-TEMUAN', 'I-TEMUAN', 'I-TEMUAN', 'I-TEMUAN', 'I-TEMUAN', 'I-TEMUAN', 'I-TEMUAN', 'I-TEMUAN', 'O', 'O', 'I-TEMUAN', 'I-TEMUAN', 'I-TEMUAN', 'I-TEMUAN', 'O', 'O', 'I-TEMUAN', 'O', 'I-TEMUAN', 'I-TEMUAN', 'I-TEMUAN', 'I-TEMUAN', 'I-TEMUAN', 'I-TEMUAN', 'I-TEMUAN', 'O', 'I-TEMUAN', 'I-TEMUAN', 'I-TEMUAN', 'I-TEMUAN', 'I-TEMUAN', 'I-TEMUAN', 'O', 'I-TEMUAN', 'I-TEMUAN', 'I-TEMUAN', 'I-TEMUAN', 'O', 'I-TEMUAN', 'I-TEMUAN', 'I-TEMUAN', 'O', 'O', 'I-TEMUAN', 'I-TEMUAN', 'I-TEMUAN', 'I-TEMUAN', 'I-TEMUAN', 'I-TEMUAN', 'I-TEMUAN', 'I-TEMUAN', 'I-TEMUAN', 'I-TEMUAN', 'I-TEMUAN', 'I-TEMUAN', 'I-TEMUAN', 'O', 'I-TEMUAN', 'O', 'I-TEMUAN', 'I-TEMUAN', 'I-TEMUAN', 'I-TEMUAN', 'I-TEMUAN', 'I-TEMUAN', 'O', 'I-TEMUAN', 'I-TEMUAN', 'O', 'I-TEMUAN', 'I-TEMUAN', 'I-TEMUAN', 'I-TEMUAN', 'I-TEMUAN', 'O', 'O', 'I-TEMUAN', 'I-TEMUAN', 'I-TEMUAN', 'I-TEMUAN', 'O', 'I-TEMUAN', 'I-TEMUAN', 'I-TEMUAN', 'O', 'I-TEMUAN', 'O', 'I-TEMUAN', 'I-TEMUAN', 'O', 'I-TEMUAN', 'O', 'I-TEMUAN', 'I-TEMUAN', 'I-TEMUAN', 'I-TEMUAN', 'I-TEMUAN', 'O', 'O', 'I-TEMUAN', 'I-TEMUAN', 'I-TEMUAN', 'O', 'O', 'I-TEMUAN', 'I-TEMUAN', 'I-TEMUAN', 'I-TEMUAN', 'O', 'O', 'I-TEMUAN', 'O', 'O', 'I-TEMUAN', 'O', 'O', 'O', 'I-TEMUAN']"
32,"['O', 'O', 'O', 'O', 'O', 'O', 'O', 'O', 'O', 'O', 'O', 'O', 'O', 'O', 'O', 'O', 'O', 'O', 'O', 'O', 'O', 'O', 'O', 'O', 'O', 'O', 'O', 'I-TUJUAN', 'I-TUJUAN', 'I-TUJUAN', 'O', 'I-TUJUAN', 'I-TUJUAN', 'I-TUJUAN', 'I-TUJUAN', 'I-TUJUAN', 'I-TUJUAN', 'O', 'O', 'O', 'O', 'O', 'O', 'I-TUJUAN', 'I-TUJUAN', 'I-TUJUAN', 'I-TUJUAN', 'I-TUJUAN', 'I-TUJUAN', 'I-TUJUAN', 'I-TUJUAN', 'I-TUJUAN', 'I-TUJUAN', 'I-TUJUAN', 'O', 'O', 'O', 'O', 'O', 'I-METODE', 'I-METODE', 'I-METODE', 'I-METODE', 'I-METODE', 'I-METODE', 'O', 'O', 'I-TEMUAN', 'I-TEMUAN', 'I-TEMUAN', 'O', 'B-METODE', 'I-METODE', 'I-METODE', 'I-METODE', 'I-METODE', 'I-METODE', 'I-METODE', 'I-TEMUAN', 'O', 'O', 'O', 'O', 'I-TEMUAN', 'I-TEMUAN', 'I-TEMUAN', 'I-TEMUAN', 'I-TEMUAN', 'I-TEMUAN', 'I-TEMUAN', 'I-TEMUAN', 'I-TEMUAN', 'I-TEMUAN', 'I-TEMUAN', 'I-TEMUAN', 'I-TEMUAN', 'I-TEMUAN', 'I-TEMUAN', 'I-TEMUAN', 'I-TEMUAN', 'I-TEMUAN', 'I-TEMUAN', 'I-TEMUAN', 'I-TEMUAN', 'I-TEMUAN', 'I-TEMUAN', 'I-TEMUAN', 'I-TEMUAN', 'I-TEMUAN', 'I-TEMUAN', 'I-TEMUAN', 'O', 'I-TEMUAN', 'I-TEMUAN', 'I-TEMUAN', 'I-TEMUAN', 'I-TEMUAN', 'I-TEMUAN', 'I-TEMUAN', 'I-TEMUAN', 'I-TEMUAN', 'I-TEMUAN', 'I-TEMUAN', 'O', 'O', 'I-TEMUAN', 'I-TEMUAN', 'I-TEMUAN', 'I-TEMUAN', 'O', 'I-TEMUAN', 'O', 'I-TEMUAN', 'I-TEMUAN', 'I-TEMUAN', 'O', 'O', 'I-TEMUAN', 'O', 'O', 'I-TEMUAN', 'O', 'I-TEMUAN', 'O', 'I-TEMUAN', 'I-TEMUAN', 'O', 'I-TEMUAN', 'O', 'O', 'O', 'O', 'O', 'O', 'I-TEMUAN', 'O', 'I-TEMUAN', 'O', 'I-TEMUAN', 'I-TEMUAN', 'O', 'I-TEMUAN', 'I-TEMUAN', 'O', 'O', 'O', 'I-TEMUAN', 'O', 'I-TEMUAN', 'I-TEMUAN', 'I-TEMUAN', 'I-TEMUAN', 'I-TEMUAN', 'O', 'I-TEMUAN', 'I-TEMUAN', 'O', 'I-TEMUAN', 'O', 'I-TEMUAN', 'I-TEMUAN', 'I-TEMUAN', 'I-TEMUAN', 'I-TEMUAN', 'I-TEMUAN', 'I-TEMUAN', 'I-TEMUAN', 'I-TEMUAN', 'I-TEMUAN', 'I-TEMUAN', 'O', 'I-TEMUAN', 'O', 'I-TEMUAN', 'I-TEMUAN', 'I-TEMUAN', 'O', 'O', 'I-TEMUAN', 'I-TEMUAN', 'O', 'O', 'I-TEMUAN', 'O', 'I-TEMUAN', 'I-TEMUAN', 'O', 'I-TEMUAN', 'O', 'I-TEMUAN', 'I-TEMUAN', 'I-TEMUAN', 'I-TEMUAN', 'I-TEMUAN', 'I-TEMUAN', 'O', 'I-TEMUAN', 'I-TEMUAN', 'I-TEMUAN', 'O', 'I-TEMUAN', 'I-TEMUAN', 'I-TEMUAN', 'I-TEMUAN', 'I-TEMUAN', 'I-TEMUAN', 'I-TEMUAN', 'I-TEMUAN', 'O', 'I-TEMUAN', 'I-TEMUAN', 'I-TEMUAN', 'I-TEMUAN', 'I-TEMUAN', 'I-TEMUAN', 'O', 'I-TEMUAN', 'O', 'I-TEMUAN', 'I-TEMUAN', 'I-TEMUAN', 'I-TEMUAN', 'O', 'O', 'O', 'I-TEMUAN', 'I-TEMUAN', 'I-TEMUAN', 'I-TEMUAN', 'I-TEMUAN', 'O', 'I-TEMUAN', 'I-TEMUAN', 'I-TEMUAN', 'I-TEMUAN', 'O', 'I-TEMUAN', 'I-TEMUAN']"
33,"['O', 'O', 'O', 'O', 'O', 'O', 'O', 'O', 'O', 'O', 'O', 'O', 'O', 'O', 'O', 'O', 'O', 'O', 'O', 'O', 'O', 'O', 'I-TUJUAN', 'I-TUJUAN', 'I-TUJUAN', 'I-TUJUAN', 'I-TUJUAN', 'I-TUJUAN', 'I-TUJUAN', 'I-TEMUAN', 'I-TUJUAN', 'O', 'I-TUJUAN', 'I-TUJUAN', 'O', 'O', 'I-TUJUAN', 'O', 'O', 'O', 'O', 'O', 'B-METODE', 'I-METODE', 'I-METODE', 'I-METODE', 'O', 'O', 'O', 'O', 'O', 'O', 'O', 'O', 'O', 'O', 'B-METODE', 'I-METODE', 'I-METODE', 'O', 'O', 'O', 'O', 'O', 'I-METODE', 'I-TEMUAN', 'O', 'O', 'O', 'O', 'O', 'O', 'B-METODE', 'I-TEMUAN', 'O', 'O', 'O', 'I-TEMUAN', 'I-TEMUAN', 'I-TEMUAN', 'I-TEMUAN', 'I-TEMUAN', 'I-TEMUAN', 'I-TEMUAN', 'I-TEMUAN', 'I-TEMUAN', 'I-TEMUAN', 'O', 'O', 'O', 'O', 'O', 'I-TEMUAN', 'I-TEMUAN', 'I-TEMUAN', 'I-TEMUAN', 'O', 'O', 'I-TEMUAN', 'I-TEMUAN', 'O', 'O', 'I-TEMUAN', 'O', 'O', 'O', 'O', 'O', 'I-TEMUAN', 'I-TEMUAN', 'O', 'O', 'I-TEMUAN', 'I-TEMUAN', 'I-TEMUAN', 'I-TEMUAN', 'I-TEMUAN', 'I-TEMUAN', 'I-TEMUAN', 'I-TEMUAN', 'O', 'I-TEMUAN', 'I-TEMUAN', 'I-TEMUAN', 'I-TEMUAN', 'O', 'O', 'I-TEMUAN', 'I-TEMUAN', 'I-TEMUAN', 'I-TEMUAN', 'O', 'I-TEMUAN', 'O', 'I-TEMUAN', 'I-TEMUAN', 'I-TEMUAN', 'O', 'O', 'O', 'O', 'I-TEMUAN', 'O', 'O', 'I-TEMUAN', 'O', 'O', 'O', 'O', 'O', 'I-TEMUAN', 'O', 'O', 'O', 'I-TEMUAN', 'I-TEMUAN', 'I-TEMUAN', 'I-TEMUAN', 'I-TEMUAN', 'I-TEMUAN', 'I-TEMUAN', 'O', 'O', 'O', 'O', 'O', 'I-TEMUAN', 'O', 'I-TEMUAN', 'O', 'I-TEMUAN', 'I-TEMUAN', 'I-TEMUAN', 'I-TEMUAN', 'I-TEMUAN', 'I-TEMUAN', 'I-TEMUAN', 'I-TEMUAN', 'I-TEMUAN', 'I-TEMUAN', 'O', 'I-TEMUAN', 'I-TEMUAN', 'I-TEMUAN', 'I-TEMUAN', 'I-TEMUAN', 'I-TEMUAN', 'I-TEMUAN', 'I-TEMUAN', 'I-TEMUAN', 'I-TEMUAN', 'I-TEMUAN', 'I-TEMUAN', 'I-TEMUAN', 'O', 'I-TEMUAN', 'I-TEMUAN', 'I-TEMUAN', 'I-TEMUAN', 'I-TEMUAN', 'I-TEMUAN', 'I-TEMUAN', 'O', 'O', 'I-TEMUAN', 'I-TEMUAN', 'O', 'I-TEMUAN', 'O', 'O', 'O', 'I-TEMUAN', 'O', 'I-TEMUAN', 'I-TEMUAN', 'I-TEMUAN', 'I-TEMUAN', 'I-TEMUAN', 'O', 'I-TEMUAN', 'I-TEMUAN', 'I-TEMUAN', 'I-TEMUAN', 'I-TEMUAN', 'I-TEMUAN', 'O', 'O', 'I-TEMUAN', 'O', 'O', 'O', 'I-TEMUAN', 'I-TEMUAN', 'I-TEMUAN', 'I-TEMUAN', 'I-TEMUAN', 'I-TEMUAN', 'O', 'I-TEMUAN', 'I-TEMUAN', 'I-TEMUAN', 'I-TEMUAN', 'I-TEMUAN', 'O', 'I-TEMUAN', 'I-TEMUAN', 'O', 'O', 'I-TEMUAN', 'O', 'I-TEMUAN', 'I-TEMUAN', 'I-TEMUAN', 'I-TEMUAN', 'I-TEMUAN', 'I-TEMUAN', 'I-TEMUAN', 'I-TEMUAN', 'I-TEMUAN', 'I-TEMUAN', 'O', 'O', 'I-TEMUAN', 'O', 'I-TEMUAN', 'I-TEMUAN', 'I-TEMUAN', 'I-TEMUAN', 'O', 'I-TEMUAN', 'I-TEMUAN', 'I-TEMUAN', 'I-TEMUAN', 'I-TEMUAN', 'I-TEMUAN', 'O', 'I-TEMUAN', 'I-TEMUAN', 'I-TEMUAN', 'I-TEMUAN']"
34,"['O', 'O', 'O', 'O', 'O', 'O', 'O', 'O', 'O', 'O', 'O', 'O', 'O', 'O', 'O', 'O', 'O', 'I-METODE', 'I-METODE', 'I-METODE', 'O', 'O', 'O', 'O', 'O', 'O', 'O', 'O', 'I-TUJUAN', 'I-TUJUAN', 'I-TUJUAN', 'I-TUJUAN', 'O', 'O', 'O', 'O', 'O', 'O', 'O', 'O', 'I-TEMUAN', 'I-TEMUAN', 'I-TEMUAN', 'I-TEMUAN', 'O', 'O', 'I-TEMUAN', 'I-TUJUAN', 'I-TUJUAN', 'I-TUJUAN', 'I-TUJUAN', 'I-TUJUAN', 'I-TEMUAN', 'I-TEMUAN', 'I-TEMUAN', 'I-TUJUAN', 'I-TUJUAN', 'I-TUJUAN', 'O', 'O', 'O', 'I-TEMUAN', 'I-TEMUAN', 'O', 'I-TUJUAN', 'O', 'O', 'O', 'O', 'I-TEMUAN', 'I-TEMUAN', 'I-TEMUAN', 'O', 'I-TEMUAN', 'O', 'O', 'O', 'O', 'I-TEMUAN', 'O', 'O', 'O', 'O', 'O', 'O', 'O', 'O', 'O', 'O', 'O', 'I-TEMUAN', 'I-TEMUAN', 'I-TEMUAN', 'I-TEMUAN', 'I-TEMUAN', 'I-TEMUAN', 'I-TEMUAN', 'I-TUJUAN', 'I-TEMUAN', 'I-TEMUAN', 'I-TEMUAN', 'O', 'O', 'I-TEMUAN', 'I-TEMUAN', 'O', 'I-TEMUAN', 'O', 'O', 'O', 'I-TEMUAN', 'I-TEMUAN', 'I-TEMUAN', 'I-TEMUAN', 'I-TEMUAN', 'I-TEMUAN', 'I-TEMUAN', 'I-TEMUAN', 'I-TEMUAN', 'I-TEMUAN', 'I-TEMUAN', 'I-TEMUAN', 'O', 'I-TEMUAN', 'I-TEMUAN', 'I-TEMUAN', 'I-TEMUAN', 'I-TEMUAN', 'I-TEMUAN', 'O', 'O', 'I-TEMUAN', 'O', 'O', 'I-TEMUAN', 'I-TEMUAN', 'I-TEMUAN', 'I-TEMUAN', 'I-TEMUAN', 'I-TEMUAN', 'I-TEMUAN', 'I-TEMUAN', 'I-TEMUAN', 'I-TEMUAN', 'I-TEMUAN', 'I-TEMUAN', 'I-TEMUAN', 'I-TEMUAN', 'O', 'I-TEMUAN', 'O', 'I-TEMUAN', 'I-TEMUAN', 'O', 'I-TEMUAN', 'I-TEMUAN', 'I-TEMUAN', 'I-TEMUAN', 'I-TEMUAN', 'I-TEMUAN', 'I-TEMUAN', 'O']"
35,"['O', 'O', 'O', 'O', 'O', 'O', 'O', 'O', 'I-TUJUAN', 'I-TUJUAN', 'I-TUJUAN', 'I-TUJUAN', 'I-TUJUAN', 'I-TUJUAN', 'I-TUJUAN', 'I-TUJUAN', 'I-TUJUAN', 'I-TUJUAN', 'I-TUJUAN', 'I-TUJUAN', 'O', 'I-METODE', 'O', 'O', 'O', 'O', 'O', 'I-METODE', 'I-METODE', 'O', 'O', 'O', 'I-TUJUAN', 'I-TUJUAN', 'I-TUJUAN', 'I-TUJUAN', 'O', 'O', 'O', 'I-TEMUAN', 'I-TEMUAN', 'I-TEMUAN', 'I-TEMUAN', 'I-TEMUAN', 'I-TEMUAN', 'I-TEMUAN', 'I-TEMUAN', 'I-TEMUAN', 'I-TEMUAN', 'I-TEMUAN', 'O', 'O', 'O', 'O', 'O', 'O', 'O', 'O', 'O', 'O', 'I-TEMUAN', 'O', 'O', 'O', 'O', 'O', 'O', 'O', 'I-TEMUAN', 'I-TEMUAN', 'I-TEMUAN', 'I-TEMUAN', 'I-TEMUAN', 'I-TEMUAN', 'I-TEMUAN', 'I-TEMUAN', 'I-TEMUAN', 'I-TEMUAN', 'I-TEMUAN', 'I-TEMUAN', 'I-TEMUAN', 'I-TEMUAN', 'O', 'O', 'O', 'O', 'O', 'O']"
